{
  "step": 51000,
  "fid_score": 0.224706768989563,
  "test_loss": 0.1289690136909485,
  "mse_loss": 0.12896902859210968,
  "mae_loss": 0.2936350107192993,
  "goals": [
    "pick blue plastic bottle from middle drawer and place on counter",
    "place water bottle upright",
    "close bottom drawer",
    "place brown chip bag into bottom drawer"
  ],
  "timestamp": 1759211405.5567698,
  "image_shape": [
    64,
    3,
    64,
    64
  ],
  "batch_size": 4,
  "num_frames": 8,
  "model_step": 51000
}