{
  "step": 12000,
  "fid_score": 0.2556499242782593,
  "test_loss": 0.05997450277209282,
  "mse_loss": 0.05997450649738312,
  "mae_loss": 0.1923566609621048,
  "goals": [
    "pick blue plastic bottle from middle drawer and place on counter",
    "place water bottle upright",
    "close bottom drawer",
    "place brown chip bag into bottom drawer"
  ],
  "timestamp": 1759168049.709995,
  "image_shape": [
    64,
    3,
    64,
    64
  ],
  "batch_size": 4,
  "num_frames": 8,
  "model_step": 12000
}