{
  "step": 70000,
  "fid_score": 0.28182321786880493,
  "test_loss": 0.023895584046840668,
  "mse_loss": 0.023895584046840668,
  "mae_loss": 0.07945806533098221,
  "goals": [
    "pick pepsi can",
    "open bottom drawer"
  ],
  "timestamp": 1757305848.2154572,
  "image_shape": [
    32,
    3,
    64,
    64
  ],
  "batch_size": 2,
  "num_frames": 8,
  "model_step": 70000
}