{
  "step": 42500,
  "fid_score": 0.4933452606201172,
  "test_loss": 0.08011563122272491,
  "mse_loss": 0.08011563867330551,
  "mae_loss": 0.17530377209186554,
  "goals": [
    "place water bottle upright",
    "pick banana from white bowl"
  ],
  "timestamp": 1757292033.1246524,
  "image_shape": [
    32,
    3,
    64,
    64
  ],
  "batch_size": 2,
  "num_frames": 8,
  "model_step": 42500
}