{
  "step": 120000,
  "fid_score": 0.3139168620109558,
  "test_loss": 0.024629073217511177,
  "mse_loss": 0.024629073217511177,
  "mae_loss": 0.0869576707482338,
  "goals": [
    "open middle drawer",
    "close middle drawer"
  ],
  "timestamp": 1757330091.2268748,
  "image_shape": [
    32,
    3,
    64,
    64
  ],
  "batch_size": 2,
  "num_frames": 8,
  "model_step": 120000
}